{
  "Album": [
    {
      "AlbumName": "ABCD2",
      "AlbumSongs": 2,
      "img": "../images_p/ABCD2.jpg",
      "lang": "hindi",
      "songs": [
        {
          "SongName": "DUNIYA",
          "Date": "4/4/21",
          "ArtistName": "AKHIL_DHWANI_BHANUSHALI",
          "path": "../songs_p/Bezubaan.mp3",
          "img": "../images/IMG 2.jpg"
        },
        {
          "SongName": "EK LADKI KO DEKHA",
          "Date": "4/3/21",
          "ArtistName": "HARSHDEEP_KAUR",
          "path": "../songs_p/Ek_Tera_Naam.mp3",
          "img": "../images/IMG 3.jpg"
        }
      ]
    },
    {
      "AlbumName": "AgentVinod",
      "AlbumSongs": 1,
      "img": "../images_p/AgentVinod.jpg",
      "lang": "hindi",
      "songs": [
        {
          "SongName": "CHANN VI GAWHA",
          "Date": "4/3/21",
          "ArtistName": "MADHAV_MAHAJAN",
          "path": "../songs_p/Ek_Tera_Naam.mp3",
          "img": "../images/IMG 1.jpg"
        },
        {
          "SongName": "HALKA HALKA",
          "Date": "4/4/21",
          "ArtistName": "DIVYA_KUMAR",
          "path": "../songs_p/Raabta.mp3",
          "img": "../images/IMG 4.jpg"
        }
      ]
    },
    {
      "AlbumName": "Wakeupsid",
      "AlbumSongs": 1,
      "img": "../images_p/wakeupsid.jpg",
      "lang": "hindi",
      "songs": [
        {
          "SongName": "LAMBERGHINI",
          "Date": "4/4/21",
          "ArtistName": "THE_DOOEBEEN",
          "path": "../songs_p/Bezubaan.mp3",
          "img": "../images/IMG 5.jpg"
        },
        {
          "SongName": "QISMAT",
          "Date": "4/3/21",
          "ArtistName": "AMMY_VIRK",
          "path": "../songs_pRaabta.mp3",
          "img": "../images/IMG 6.jpg"
        }
      ]
    },
    {
      "AlbumName": "luck",
      "AlbumSongs": 1,
      "img": "../images_p/luck.jpg",
      "lang": "hindi",
      "songs": [
        {
          "SongName": "SAKHIYAN",
          "Date": "4/4/21",
          "ArtistName": "MANINDERJEET_BUTTAR",
          "path": "../songs_p/Bezubaan.mp3",
          "img": "../images/IMG 7.jpg"
        }
      ]
    },
    {
      "AlbumName": "eng1",
      "AlbumSongs": 1,
      "lang": "english",
      "songs": []
    },
    {
      "AlbumName": "eng2",
      "AlbumSongs": 1,
      "lang": "english",
      "songs": []
    }
  ],
  "users": [
    {
      "id": 1,
      "username": "yogesh",
      "email": "yogeshch@cybage.com",
      "phone": 8177949826,
      "password": "xyz@abc",
      "cpassword": "xyz@abc"
    },
    {
      "id": 2,
      "username": "Shubham",
      "email": "shubhambo@cybage.com",
      "phone": 8177949826,
      "password": "xyz@abc",
      "cpassword": "xyz@abc"
    },
    {
      "id": 3,
      "username": "ketki",
      "email": "ketkig@cybage.com",
      "phone": 8177949826,
      "password": "xyz@abc",
      "cpassword": "xyz@abc"
    },
    {
      "id": 4,
      "username": "pranita",
      "email": "pranitabh@cybage.com",
      "phone": 8177949826,
      "password": "xyz@abc",
      "cpassword": "xyz@abc"
    },
    {
      "id": 5,
      "username": "nehal",
      "email": "nehalk@cybage.com",
      "phone": 8177949826,
      "password": "xyz@abc",
      "cpassword": "xyz@abc"
    },
    {
      "username": "Yogesh",
      "email": "yogeshch@cybage.com",
      "phone": "1234567890",
      "password": "123456789",
      "cpassword": "123456789",
      "id": 6
    },
    {
      "id": "7",
      "username": "Yogesh",
      "email": "yogeshch@cybage.com",
      "phone": "1234567890",
      "password": "87654321",
      "cpassword": "87654321"
    },
    {
      "id": "8",
      "username": "qwerty",
      "email": "qwerty@gmail.com",
      "phone": "8177949826",
      "password": "123456789",
      "cpassword": "123456789"
    },
    {
      "id": "9",
      "username": "zyx",
      "email": "tejas@shinde.com",
      "phone": "1234567890",
      "password": "123456789",
      "cpassword": "123456789"
    },
    {
      "id": "10",
      "username": "yogesh1603",
      "email": "yogeshch@cybage.com",
      "phone": "1234567890",
      "password": "123456789",
      "cpassword": "123456789"
    }
  ]
}
