{
  "posts": [
    {
      "id": 1,
      "title": "json-server",
      "author": "typicode"
    }
  ],
  "comments": [
    {
      "id": 1,
      "body": "some comment",
      "postId": 1
    }
  ],
  "users": [
    {
      "id": 1,
      "username": "yogesh",
      "email": "yogeshch@cybage.com",
      "phone": 8177949826,
      "password": "xyz@abc",
      "cpassword": "xyz@abc"
    },
    {
      "id": 2,
      "username": "Shubham",
      "email": "shubhambo@cybage.com",
      "phone": 8177949826,
      "password": "xyz@abc",
      "cpassword": "xyz@abc"
    },
    {
      "id": 3,
      "username": "ketki",
      "email": "ketkig@cybage.com",
      "phone": 8177949826,
      "password": "xyz@abc",
      "cpassword": "xyz@abc"
    },
    {
      "id": 4,
      "username": "pranita",
      "email": "pranitabh@cybage.com",
      "phone": 8177949826,
      "password": "xyz@abc",
      "cpassword": "xyz@abc"
    },
    {
      "id": 5,
      "username": "nehal",
      "email": "nehalk@cybage.com",
      "phone": 8177949826,
      "password": "xyz@abc",
      "cpassword": "xyz@abc"
    },
    {
      "username": "Yogesh",
      "email": "yogeshch@cybage.com",
      "phone": "1234567890",
      "password": "123456789",
      "cpassword": "123456789",
      "id": 6
    },
    {
      "id": "7",
      "username": "Yogesh",
      "email": "yogeshch@cybage.com",
      "phone": "1234567890",
      "password": "87654321",
      "cpassword": "87654321"
    },
    {
      "id": "8",
      "username": "qwerty",
      "email": "qwerty@gmail.com",
      "phone": "8177949826",
      "password": "123456789",
      "cpassword": "123456789"
    },
    {
      "id": "9",
      "username": "zyx",
      "email": "tejas@shinde.com",
      "phone": "1234567890",
      "password": "123456789",
      "cpassword": "123456789"
    }
  ]
}